,Title,Company,Location,Link
0,Junior Software Developer,Big Viking Games,"Toronto, Ontario, Canada",https://ca.linkedin.com/jobs/view/junior-software-developer-at-big-viking-games-2283063398?refId=5ce449e5-58bf-4a9a-a639-02fd0e2cefec&position=1&pageNum=0&trk=public_jobs_job-result-card_result-card_full-click
1,Junior Software Developer,FDM Group,"Toronto, Ontario, Canada",https://ca.linkedin.com/jobs/view/junior-software-developer-at-fdm-group-950536467?refId=5ce449e5-58bf-4a9a-a639-02fd0e2cefec&position=2&pageNum=0&trk=public_jobs_job-result-card_result-card_full-click
2,Jr. Software Engineer (Java),Loblaw Companies Limited,"Toronto, Ontario, Canada",https://ca.linkedin.com/jobs/view/jr-software-engineer-java-at-loblaw-companies-limited-2261923449?refId=5ce449e5-58bf-4a9a-a639-02fd0e2cefec&position=3&pageNum=0&trk=public_jobs_job-result-card_result-card_full-click
3,Software Developer (Entry Level),Konrad Group,"Toronto, Ontario, Canada",https://ca.linkedin.com/jobs/view/software-developer-entry-level-at-konrad-group-2305926869?refId=5ce449e5-58bf-4a9a-a639-02fd0e2cefec&position=4&pageNum=0&trk=public_jobs_job-result-card_result-card_full-click
4,Software Developer - New Grad (December 2020 start date),BMO Financial Group,"Toronto, Ontario, Canada",https://ca.linkedin.com/jobs/view/software-developer-new-grad-december-2020-start-date-at-bmo-financial-group-2243917882?refId=5ce449e5-58bf-4a9a-a639-02fd0e2cefec&position=5&pageNum=0&trk=public_jobs_job-result-card_result-card_full-click
5,University Grad Software Engineer,Pinterest,"San Francisco, CA",https://ca.linkedin.com/jobs/view/university-grad-software-engineer-at-pinterest-2148880070?refId=5ce449e5-58bf-4a9a-a639-02fd0e2cefec&position=6&pageNum=0&trk=public_jobs_job-result-card_result-card_full-click
6,"Software Engineer (New Grad, Start date: April-Sept 2021)",Clearbanc,"Toronto, Ontario, Canada",https://ca.linkedin.com/jobs/view/software-engineer-new-grad-start-date-april-sept-2021-at-clearbanc-2295098392?refId=5ce449e5-58bf-4a9a-a639-02fd0e2cefec&position=7&pageNum=0&trk=public_jobs_job-result-card_result-card_full-click
7,Junior Software Developer,DNAstack,"Toronto, Ontario, Canada",https://ca.linkedin.com/jobs/view/junior-software-developer-at-dnastack-2294973644?refId=5ce449e5-58bf-4a9a-a639-02fd0e2cefec&position=8&pageNum=0&trk=public_jobs_job-result-card_result-card_full-click
8,Junior Programmer,NMG Consulting,"Toronto, Ontario, Canada",https://ca.linkedin.com/jobs/view/junior-programmer-at-nmg-consulting-2172565566?refId=5ce449e5-58bf-4a9a-a639-02fd0e2cefec&position=9&pageNum=0&trk=public_jobs_job-result-card_result-card_full-click
9,Software Engineer,Adaptavist,"Toronto, Ontario, Canada",https://ca.linkedin.com/jobs/view/software-engineer-at-adaptavist-2304700956?refId=5ce449e5-58bf-4a9a-a639-02fd0e2cefec&position=10&pageNum=0&trk=public_jobs_job-result-card_result-card_full-click
10,Software Engineer - 2021 Grads,Mark43,"Toronto, Ontario, Canada",https://ca.linkedin.com/jobs/view/software-engineer-2021-grads-at-mark43-2281904121?refId=5ce449e5-58bf-4a9a-a639-02fd0e2cefec&position=11&pageNum=0&trk=public_jobs_job-result-card_result-card_full-click
11,Junior/Intermediate Developer,Lifemark Health Group,"Toronto, Ontario, Canada",https://ca.linkedin.com/jobs/view/junior-intermediate-developer-at-lifemark-health-group-2261709579?refId=5ce449e5-58bf-4a9a-a639-02fd0e2cefec&position=12&pageNum=0&trk=public_jobs_job-result-card_result-card_full-click
12,Software Engineer,Amazon,"Toronto, Ontario, Canada",https://ca.linkedin.com/jobs/view/software-engineer-at-amazon-2194887016?refId=5ce449e5-58bf-4a9a-a639-02fd0e2cefec&position=13&pageNum=0&trk=public_jobs_job-result-card_result-card_full-click
13,Software Developer,Priceline,"Toronto, Ontario, Canada",https://ca.linkedin.com/jobs/view/software-developer-at-priceline-2269133083?refId=5ce449e5-58bf-4a9a-a639-02fd0e2cefec&position=14&pageNum=0&trk=public_jobs_job-result-card_result-card_full-click
14,Software Engineer,Red Hat,"Toronto, Ontario, Canada",https://ca.linkedin.com/jobs/view/software-engineer-at-red-hat-2269472426?refId=5ce449e5-58bf-4a9a-a639-02fd0e2cefec&position=15&pageNum=0&trk=public_jobs_job-result-card_result-card_full-click
15,Software Engineer,WePay,"Toronto, Ontario, Canada",https://ca.linkedin.com/jobs/view/software-engineer-at-wepay-2250225107?refId=5ce449e5-58bf-4a9a-a639-02fd0e2cefec&position=16&pageNum=0&trk=public_jobs_job-result-card_result-card_full-click
16,Software Engineer,Informatica,"Toronto, Ontario, Canada",https://ca.linkedin.com/jobs/view/software-engineer-at-informatica-2215734165?refId=5ce449e5-58bf-4a9a-a639-02fd0e2cefec&position=17&pageNum=0&trk=public_jobs_job-result-card_result-card_full-click
17,Software Engineer (Python),iManage,"Toronto, Ontario, Canada",https://ca.linkedin.com/jobs/view/software-engineer-python-at-imanage-2226304280?refId=5ce449e5-58bf-4a9a-a639-02fd0e2cefec&position=18&pageNum=0&trk=public_jobs_job-result-card_result-card_full-click
18,Software Engineer,Bolt,"Toronto, Ontario, Canada",https://ca.linkedin.com/jobs/view/software-engineer-at-bolt-2224787224?refId=5ce449e5-58bf-4a9a-a639-02fd0e2cefec&position=19&pageNum=0&trk=public_jobs_job-result-card_result-card_full-click
19,Software Developer,OneClass,"Toronto, Ontario, Canada",https://ca.linkedin.com/jobs/view/software-developer-at-oneclass-2289315170?refId=5ce449e5-58bf-4a9a-a639-02fd0e2cefec&position=20&pageNum=0&trk=public_jobs_job-result-card_result-card_full-click
20,Jr. Software Developer (Salesforce),Accelerize 360,"Toronto, Ontario, Canada",https://ca.linkedin.com/jobs/view/jr-software-developer-salesforce-at-accelerize-360-2264262866?refId=5ce449e5-58bf-4a9a-a639-02fd0e2cefec&position=21&pageNum=0&trk=public_jobs_job-result-card_result-card_full-click
21,Software Developer,The Home Depot Canada,"Toronto, Ontario, Canada",https://ca.linkedin.com/jobs/view/software-developer-at-the-home-depot-canada-1981930848?refId=5ce449e5-58bf-4a9a-a639-02fd0e2cefec&position=22&pageNum=0&trk=public_jobs_job-result-card_result-card_full-click
22,Software Engineer,Zippin,"Toronto, Ontario, Canada",https://ca.linkedin.com/jobs/view/software-engineer-at-zippin-2261492108?refId=5ce449e5-58bf-4a9a-a639-02fd0e2cefec&position=23&pageNum=0&trk=public_jobs_job-result-card_result-card_full-click
23,Software Engineer,BlueCat,"Toronto, Ontario, Canada",https://ca.linkedin.com/jobs/view/software-engineer-at-bluecat-2250412771?refId=5ce449e5-58bf-4a9a-a639-02fd0e2cefec&position=24&pageNum=0&trk=public_jobs_job-result-card_result-card_full-click
24,Software Engineer,Bank of America Merrill Lynch,"Toronto, Ontario, Canada",https://ca.linkedin.com/jobs/view/software-engineer-at-bank-of-america-merrill-lynch-2267862122?refId=5ce449e5-58bf-4a9a-a639-02fd0e2cefec&position=25&pageNum=0&trk=public_jobs_job-result-card_result-card_full-click
